{"cameraMode":{"drawMode":0,"name":"Shaded","section":"Shading Mode"},"sceneLighting":true,"audioPlay":false,"sceneViewState":{"m_AlwaysRefresh":false,"showFog":true,"showSkybox":true,"showFlares":true,"showImageEffects":true,"showParticleSystems":true,"showVisualEffectGraphs":true,"m_FxEnabled":true},"in2DMode":false,"pivot":{"x":-1.0274715423583985,"y":-2.7293777465820314,"z":2.2796669006347658},"rotation":{"x":-0.11219190061092377,"y":0.8659687638282776,"z":-0.22463548183441163,"w":-0.43249890208244326},"size":11.330684661865235,"orthographic":false}